CREATE DATABASE PAPELERIA

/*
select edad, sueldo from EMPLEADO
where NOMBRE = 'juan perez';   

select direccion, edad from EMPLEADO
where NOMBRE in ('juan perez', 'Reyna sanchez', 'roberto marin'); 

select id_empleado, cantidad from VENTAS
where cantidad between 1 and 31;*/



create table EMPLEADO(
ID_EMPLEADO VARCHAR(20) NOT NULL,
NOMBRE VARCHAR(30),
EDAD VARCHAR(5),
SUELDO VARCHAR(15),
DIRECCION VARCHAR(100),
CONSTRAINT PK_ID_EMPLEADO PRIMARY KEY(ID_EMPLEADO));


INSERT INTO EMPLEADO (ID_EMPLEADO, NOMBRE, EDAD, SUELDO, DIRECCION) VALUES (123456789, 'JUAN PEREZ', 25, 10000, 'CALLE 1RA LOS FRAILES');
INSERT INTO EMPLEADO (ID_EMPLEADO, NOMBRE, EDAD, SUELDO, DIRECCION) VALUES (234567891, 'REYNA SANCHEZ', 22, 10000, 'CALLE MARIA, LOS FRAILES');
INSERT INTO EMPLEADO (ID_EMPLEADO, NOMBRE, EDAD, SUELDO, DIRECCION) VALUES (345678912, 'ALEXIS SANTOS', 18, 10000, 'CALLE MAUNELA 10, LOS FRAILES');
INSERT INTO EMPLEADO (ID_EMPLEADO, NOMBRE, EDAD, SUELDO, DIRECCION) VALUES (456789123, 'ROBERTO MARIN', 21, 10000, 'CALLE TEO CRUZ, LOS FRAILES');
INSERT INTO EMPLEADO (ID_EMPLEADO, NOMBRE, EDAD, SUELDO, DIRECCION) VALUES (567891234, 'LYAN RODRIGUEZ', 24, 10000, 'CALLE 5TA, LOS FRAILES');
INSERT INTO EMPLEADO (ID_EMPLEADO, NOMBRE, EDAD, SUELDO, DIRECCION) VALUES (678912345, 'ANTHONY DIAZ', 2, 10000, 'CALLE 8VA, LOS FRAILES');

--HORARIO EMPLEADO

CREATE TABLE HORARIO_EMPLEADO(
ID VARCHAR(20) NOT NULL,
HORA_ENTRADA TIME,
HORA_SALIDA TIME,
ID_EMPLEADO_HORA VARCHAR(20)

CONSTRAINT PK_ID_HORA_EMPLE PRIMARY KEY(ID),
CONSTRAINT FK_ID_EMPLE_HORA FOREIGN KEY(ID_EMPLEADO_HORA) REFERENCES EMPLEADO(ID_EMPLEADO));

INSERT INTO HORARIO_EMPLEADO(ID, HORA_ENTRADA, HORA_SALIDA, ID_EMPLEADO_HORA) VALUES (1, '08:00 AM', '06:00 PM',123456789);
INSERT INTO HORARIO_EMPLEADO(ID, HORA_ENTRADA, HORA_SALIDA, ID_EMPLEADO_HORA) VALUES (2, '08:00 AM', '06:00 PM',234567891);
INSERT INTO HORARIO_EMPLEADO(ID, HORA_ENTRADA, HORA_SALIDA, ID_EMPLEADO_HORA) VALUES (3, '08:00 AM', '06:00 PM',345678912);
INSERT INTO HORARIO_EMPLEADO(ID, HORA_ENTRADA, HORA_SALIDA, ID_EMPLEADO_HORA) VALUES (4, '08:00 AM', '06:00 PM',456789123);
INSERT INTO HORARIO_EMPLEADO(ID, HORA_ENTRADA, HORA_SALIDA, ID_EMPLEADO_HORA) VALUES (5, '08:00 AM', '06:00 PM',567891234);
INSERT INTO HORARIO_EMPLEADO(ID, HORA_ENTRADA, HORA_SALIDA, ID_EMPLEADO_HORA) VALUES (6, '08:00 AM', '06:00 PM',678912345);

--TELEFONO EMPLEADO

CREATE TABLE TELEFONO_EMPLEADO(
ID VARCHAR(20) NOT NULL,
TELEFONO BIGINT,
ID_EMPLEADO_TEL VARCHAR(20),

CONSTRAINT PK_ID_TELE_EMPLE PRIMARY KEY(ID),
CONSTRAINT FK_ID_EMPLE_TEL FOREIGN KEY(ID_EMPLEADO_TEL) REFERENCES EMPLEADO(ID_EMPLEADO));

INSERT INTO TELEFONO_EMPLEADO(ID, TELEFONO, ID_EMPLEADO_TEL) VALUES (1, 8091111111, 123456789);
INSERT INTO TELEFONO_EMPLEADO(ID, TELEFONO, ID_EMPLEADO_TEL) VALUES (2, 8092222222, 234567891);
INSERT INTO TELEFONO_EMPLEADO(ID, TELEFONO, ID_EMPLEADO_TEL) VALUES (3, 8093333333, 345678912);
INSERT INTO TELEFONO_EMPLEADO(ID, TELEFONO, ID_EMPLEADO_TEL) VALUES (4, 8094444444, 456789123);
INSERT INTO TELEFONO_EMPLEADO(ID, TELEFONO, ID_EMPLEADO_TEL) VALUES (5, 8095555555, 567891234);
INSERT INTo tELEFONO_EMPLEADO(ID, TELEFONO, ID_EMPLEADO_TEL) VALUES (6, 8096666666, 678912345);

--SUPLIDORES



CREATE TABLE SUPLIDORES(
ID_SUPLIDORES VARCHAR(20)NOT NULL,
NOMBRE VARCHAR(30),
TELEFONO BIGINT,
FECha dateTIME,
ID_EMPLE VARCHAR(20),
CONSTRAINT PK_ID_SUPLI PRIMARY KEY(ID_SUPLIDORES),
CONSTRAINT FK_ID_EMPLE FOREIGN KEY(ID_EMPLE) REFERENCES EMPLEADO(ID_EMPLEADO));

INSERT INTO SUPLIDORES(ID_SUPLIDORES, NOMBRE, TELEFONO, FECHA, ID_EMPLE) VALUES (1234,'CORRIPIO', 8097777777, '7/10/2018', 123456789);
INSERT INTO SUPLIDORES(ID_SUPLIDORES, NOMBRE, TELEFONO, FECHA, ID_EMPLE) VALUES (2341,'ROGERS', 8092359874, '8/10/2018', 234567891);
INSERT INTO SUPLIDORES(ID_SUPLIDORES, NOMBRE, TELEFONO, FECHA, ID_EMPLE) VALUES (3412,'LOPEZ', 8091457841, '12/10/2018', 345678912);
INSERT INTO SUPLIDORES(ID_SUPLIDORES, NOMBRE, TELEFONO, FECHA, ID_EMPLE) VALUES (4123,'RAILIND', 8095985234, '02/10/2017',456789123);
INSERT INTO SUPLIDORES(ID_SUPLIDORES, NOMBRE, TELEFONO, FECHA, ID_EMPLE) VALUES (2314,'HOLAND', 8094789521, '03/10/2017', 567891234);
INSERT INTO SUPLIDORES(ID_SUPLIDORES, NOMBRE, TELEFONO, FECHA, ID_EMPLE) VALUES (4121,'RICH', 8091256324, '06/10/2017', 678912345);



--CATEGORIA

CREATE TABLE CATEGORIA(
ID_CATEGORIA VARCHAR(20),
DESCRIPCION VARCHAR(100),
CONSTRAINT PK_ID_CATE PRIMARY KEY(ID_CATEGORIA));

INSERT INTO CATEGORIA(ID_CATEGORIA, DESCRIPCION) VALUES (1478,'PAPELES EN GRL: HOJAS DE MAQUINA, HOJAS DE COLORES, PAPEL MINISTRO, ECT..');
INSERT INTO CATEGORIA(ID_CATEGORIA, DESCRIPCION) VALUES (1575,'MARCADORES EN GRL: DE TODOS LOS COLORES Y TOPO TIPO DE PUNTAS');
INSERT INTO CATEGORIA(ID_CATEGORIA, DESCRIPCION) VALUES (1125,'PEGAMENTO EN GRL: TODAS LAS MARCAS Y TAMAÑOS');
INSERT INTO CATEGORIA(ID_CATEGORIA, DESCRIPCION) VALUES (1236,'LAPICES EN GRL: TODO TIPO DE LAPICES PARA DIBUJO');
INSERT INTO CATEGORIA(ID_CATEGORIA, DESCRIPCION) VALUES (1321,'LAPICEROS EN GRL: TODOS LOS COLORES Y DIFERENTES MARCAS');
INSERT INTO CATEGORIA(ID_CATEGORIA, DESCRIPCION) VALUES (4587,'UTILES EN GRL: COLORES, FORDERS, SOBRES Y MUCHO MAS');

--PRODUCTO

CREATE TABLE PRODUCTO(
ID_PRODUCTO VARCHAR(20) NOT NULL,
DESCRIPCION VARCHAR(100),
PRECIO VARCHAR(20),
ID_CATEGORIA VARCHAR(20),
ID_SUPLIDOR VARCHAR(20),

CONSTRAINT PK_ID_PRODU PRIMARY KEY(ID_PRODUCTO),
CONSTRAINT FK_ID_CATE FOREIGN KEY(ID_CATEGORIA) REFERENCES CATEGORIA(ID_CATEGORIA),
CONSTRAINT FI_ID_SUPLI FOREIGN KEY(ID_SUPLIDOR) REFERENCES SUPLIDORES(ID_SUPLIDORES));

INSERT INTO PRODUCTO(ID_PRODUCTO, DESCRIPCION, PRECIO, ID_CATEGORIA, ID_SUPLIDOR) VALUES (589,'LAPIZ NORMAL', 10.00, 1236, 4121);
INSERT INTO PRODUCTO(ID_PRODUCTO, DESCRIPCION, PRECIO, ID_CATEGORIA, ID_SUPLIDOR) VALUES (145,'LAPIZ N7', 60.00, 1236, 4123);
INSERT INTO PRODUCTO(ID_PRODUCTO, DESCRIPCION, PRECIO, ID_CATEGORIA, ID_SUPLIDOR) VALUES (578,'HOJAS DE MAQUINA', 01.00, 1478, 1234);
INSERT INTO PRODUCTO(ID_PRODUCTO, DESCRIPCION, PRECIO, ID_CATEGORIA, ID_SUPLIDOR) VALUES (569,'HOJAS DE COLORES', 03.00, 1478, 3412);
INSERT INTO PRODUCTO(ID_PRODUCTO, DESCRIPCION, PRECIO, ID_CATEGORIA, ID_SUPLIDOR) VALUES (235,'HOJAS CUADRICULADAS', 05.00, 1125, 2341);
INSERT INTO PRODUCTO(ID_PRODUCTO, DESCRIPCION, PRECIO, ID_CATEGORIA, ID_SUPLIDOR) VALUES (541,'PEGAMENTO UJU', 100.00, 1125, 1234);
INSERT INTO PRODUCTO(ID_PRODUCTO, DESCRIPCION, PRECIO, ID_CATEGORIA, ID_SUPLIDOR) VALUES (257,'PEGAMENTO KAKI.PQ', 40.00, 1236, 3412);
INSERT INTO PRODUCTO(ID_PRODUCTO, DESCRIPCION, PRECIO, ID_CATEGORIA, ID_SUPLIDOR) VALUES (852,'LAPICERO AZUL', 10.00, 1236, 3412);
INSERT INTO PRODUCTO(ID_PRODUCTO, DESCRIPCION, PRECIO, ID_CATEGORIA, ID_SUPLIDOR) VALUES (741,'LAPICERO NEGRO', 10.00, 1575, 2341);
INSERT INTO PRODUCTO(ID_PRODUCTO, DESCRIPCION, PRECIO, ID_CATEGORIA, ID_SUPLIDOR) VALUES (963,'FELPAS', 60.00, 1575, 4121);
INSERT INTO PRODUCTO(ID_PRODUCTO, DESCRIPCION, PRECIO, ID_CATEGORIA, ID_SUPLIDOR) VALUES (987,'COLORES INKA', 120.00, 1321, 1234);


--CLIENTES

CREATE TABLE CLIENTES(
ID_CLIENTES VARCHAR(20) NOT NULL,
NOMBRE VARCHAR(10),
APELLIDO VARCHAR(15),
CEDULA VARCHAR(15),

CONSTRAINT PK_ID_CLIENTES PRIMARY KEY(ID_CLIENTES));

INSERT INTO CLIENTES(NOMBRE, APELLIDO, CEDULA) VALUES ('LENISE','RAMOS', 1111111111);
INSERT INTO CLIENTES( NOMBRE, APELLIDO, CEDULA) VALUES ('JONATHAN','SANTOS', 2222222222);
INSERT INTO CLIENTES(ID_CLIENTES, NOMBRE, APELLIDO, CEDULA) VALUES (526,'JIMMY','JAMES', 333333333);
INSERT INTO CLIENTES(ID_CLIENTES, NOMBRE, APELLIDO, CEDULA) VALUES (578,'BOBBY','FORBES', 444444444);
INSERT INTO CLIENTES(ID_CLIENTES, NOMBRE, APELLIDO, CEDULA) VALUES (985,'SANTIAGO','LOCKY', 555555555);
INSERT INTO CLIENTES(ID_CLIENTES, NOMBRE, APELLIDO, CEDULA) VALUES (102,'JOSE','BAREA', 666666666);
INSERT INTO CLIENTES(ID_CLIENTES, NOMBRE, APELLIDO, CEDULA) VALUES (606,'FRANCISCO','FIGUEROA', 777777777);
INSERT INTO CLIENTES(ID_CLIENTES, NOMBRE, APELLIDO, CEDULA) VALUES (809,'Joel','Grullon', 402-9999999-9);

SELECT * FROM CLIENTES;

--TELEFONO CLIENTE

CREATE TABLE TELEFONO_CLIENTE(
ID_TEL_CLIENTE VARCHAR(20) NOT NULL,
TELEFONO BIGINT,
ID_CLIENT VARCHAR,

CONSTRAINT PK_TEL_ID_CLIENTE PRIMARY KEY(ID_TEL_CLIENTE),
CONSTRAINT FK_ID_CLI FOREIGN KEY(ID_CLIENT) REFERENCES CLIENTES(ID_CLIENTES));

INSERT INTO TELEFONO_CLIENTE(ID_TEL_CLIENTE, TELEFONO, ID_CLIENTE) VALUES (333, 8090000000, 523);
INSERT INTO TELEFONO_CLIENTE(ID_TEL_CLIENTE, TELEFONO, ID_CLIENTE) VALUES (444, 8091111111, 458);
INSERT INTO TELEFONO_CLIENTE(ID_TEL_CLIENTE, TELEFONO, ID_CLIENTE) VALUES (555, 8092222222, 526);
INSERT INTO TELEFONO_CLIENTE(ID_TEL_CLIENTE, TELEFONO, ID_CLIENTE) VALUES (111, 8093333333, 578);
INSERT INTO TELEFONO_CLIENTE(ID_TEL_CLIENTE, TELEFONO, ID_CLIENTE) VALUES (666, 8094444444, 985);
INSERT INTO TELEFONO_CLIENTE(ID_TEL_CLIENTE, TELEFONO, ID_CLIENTE) VALUES (777, 8095555555, 102);
INSERT INTO TELEFONO_CLIENTE(ID_TEL_CLIENTE, TELEFONO, ID_CLIENTE) VALUES (888, 8096666666, 606);


--FACTURAS

CREATE TABLE FACTURAS(
ID_FACTURA VARCHAR(20)NOT NULL ,
FECHA TIME,
ID_CLIEN int,
ID_VENT VARCHAR(20),
ID_EMPLEA VARCHAR(20),

CONSTRAINT PK_ID_FACTURA PRIMARY KEY(ID_FACTURA),
CONSTRAINT FK_ID_CLIEN FOREIGN KEY(ID_CLIEN) REFERENCES CLIENTES(ID_CLIENTES),
CONSTRAINT FK_ID_VENT FOREIGN KEY(ID_VENT) REFERENCES VENTAS (ID_VENTA),
CONSTRAINT FK_ID_EMPLEA FOREIGN KEY(ID_EMPLEA) REFERENCES EMPLEADO(ID_EMPLEADO));

INSERT INTO FACTURAS(ID_FACTURA, FECHA, ID_CLIEN, ID_VENT, ID_EMPLEA) VALUES (987987, '9/12/2018', 523, 0001, 123456789);
INSERT INTO FACTURAS(ID_FACTURA, FECHA, ID_CLIEN, ID_VENT, ID_EMPLEA) VALUES (456456, '9/12/2018', 458, 0002, 234567891);
INSERT INTO FACTURAS(ID_FACTURA, FECHA, ID_CLIEN, ID_VENT, ID_EMPLEA) VALUES (123123, '9/12/2018', 526, 0003, 345678912);
INSERT INTO FACTURAS(ID_FACTURA, FECHA, ID_CLIEN, ID_VENT, ID_EMPLEA) VALUES (321321, '9/12/2018', 578, 0004, 456789123);
INSERT INTO FACTURAS(ID_FACTURA, FECHA, ID_CLIEN, ID_VENT, ID_EMPLEA) VALUES (654654, '9/12/2018', 985, 0005, 567891234);
INSERT INTO FACTURAS(ID_FACTURA, FECHA, ID_CLIEN, ID_VENT, ID_EMPLEA) VALUES (963963, '9/12/2018', 102, 0006, 678912345);

select * from facturas
--VENTAS


drop table VENTAS


CREATE TABLE VENTAS(
ID_VENTA VARCHAR(20) NOT NULL,
CANTIDAD VARCHAR(10),
ID_FACTURA VARCHAR(20),
ID_PRODUCTO VARCHAR(20),
ID_EMPLEADO VARCHAR(20),
ID_CLIENT int,

CONSTRAINT PK_ID_VENTA PRIMARY KEY(ID_VENTA),
CONSTRAINT FK_ID_PRODUCTO FOREIGN KEY(ID_PRODUCTO) REFERENCES PRODUCTO(ID_PRODUCTO),
CONSTRAINT FK_ID_EMPLEADO FOREIGN KEY(ID_EMPLEADO) REFERENCES EMPLEADO(ID_EMPLEADO),
CONSTRAINT FK_ID_CLIENT FOREIGN KEY(ID_CLIENT) REFERENCES CLIENTES(ID_CLIENTES));

INSERT INTO VENTAS(ID_VENTA, CANTIDAD, ID_FACTURA, ID_PRODUCTO, ID_EMPLEADO, ID_CLIENT) VALUES (0001, 8, 987987, 589, 123456789, 523);
INSERT INTO VENTAS(ID_VENTA, CANTIDAD, ID_FACTURA, ID_PRODUCTO, ID_EMPLEADO, ID_CLIENT) VALUES (0002, 20, 963963, 578, 123456789, 478);
INSERT INTO VENTAS(ID_VENTA, CANTIDAD, ID_FACTURA, ID_PRODUCTO, ID_EMPLEADO, ID_CLIENT) VALUES (0003, 2, 123123, 541, 234567891, 102);
INSERT INTO VENTAS(ID_VENTA, CANTIDAD, ID_FACTURA, ID_PRODUCTO, ID_EMPLEADO, ID_CLIENT) VALUES (0004, 5, 321321, 741, 345678912, 985);
INSERT INTO VENTAS(ID_VENTA, CANTIDAD, ID_FACTURA, ID_PRODUCTO, ID_EMPLEADO, ID_CLIENT) VALUES (0005, 30,654654, 235, 123456789, 526);
INSERT INTO VENTAS(ID_VENTA, CANTIDAD, ID_FACTURA, ID_PRODUCTO, ID_EMPLEADO, ID_CLIENT) VALUES (0006, 6, 987987, 963, 123456789, 523);



--SERVICIOS

CREATE TABLE SERVICIOS(
ID_SERVICIOS VARCHAR(20) NOT NULL,
LUZ CHAR(1), --P=PAGA, I=IMPAGA
ARQUILER CHAR(1), --P=PAGA, I=IMPAGA
ID_EMPLEAD VARCHAR(20),
CONSTRAINT PK_ID_SERVICIOS PRIMARY KEY(ID_SERVICIOS),
CONSTRAINT FK_ID_EMPLEAD FOREIGN KEY(ID_EMPLEAD) REFERENCES EMPLEADO(ID_EMPLEADO));

INSERT INTO SERVICIOS(ID_SERVICIOS, LUZ, ARQUILER, ID_EMPLEAD)VALUES (898, 'P', 'P', 456789123);
INSERT INTO SERVICIOS(ID_SERVICIOS, LUZ, ARQUILER, ID_EMPLEAD) VALUES (989, 'P', 'P', 456789123);
INSERT INTO SERVICIOS(ID_SERVICIOS, LUZ, ARQUILER, ID_EMPLEAD) VALUES (565, 'P', 'P', 456789123);
INSERT INTO SERVICIOS(ID_SERVICIOS, LUZ, ARQUILER, ID_EMPLEAD) VALUES (656, 'I', 'I', 456789123);



--querys

select * from CLIENTES;